{
    "$schema": "https://clicksounds.github.io/clicks/pack.schema.json",
    "id": "andarian.andarians-keyboard-enter-key",
    "packgen": true,
    "type": "Useful",
    "name": "Andarians Keyboard Enter Key",
    "description": "The NumEnter key on my keyboard that i used to play GD with it. Switches are the Leobog Graywood V3 which they are extremely budget. Clicks made by Andarian (me)",
    "authors": [
        {
            "name": "Andarian",
            "gdAccountID": 27823067
        }
    ]
}